Comment,Designator,Footprint,LCSC,Quantity
220R,R29,R_1206_3216Metric_Pad1.30x1.75mm_HandSolder,,1
LED,D45,LED_Everlight-SMD3528_3.5x2.8mm_67-21ST,,1
~,KR8,Korry Switch,,1
LED,D58,LED_Everlight-SMD3528_3.5x2.8mm_67-21ST,,1
220R,R15,R_1206_3216Metric_Pad1.30x1.75mm_HandSolder,,1
~,KR3,Korry Switch,,1
LED,D16,LED_Everlight-SMD3528_3.5x2.8mm_67-21ST,,1
LED,D56,LED_Everlight-SMD3528_3.5x2.8mm_67-21ST,,1
220R,R14,R_1206_3216Metric_Pad1.30x1.75mm_HandSolder,,1
~,KR11,Korry Switch,,1
~,KR7,Korry Switch,,1
LED,D57,LED_Everlight-SMD3528_3.5x2.8mm_67-21ST,,1
220R,R9,R_1206_3216Metric_Pad1.30x1.75mm_HandSolder,,1
220R,R5,R_1206_3216Metric_Pad1.30x1.75mm_HandSolder,,1
LED,D28,LED_Everlight-SMD3528_3.5x2.8mm_67-21ST,,1
LED,D27,LED_Everlight-SMD3528_3.5x2.8mm_67-21ST,,1
LED,D53,LED_Everlight-SMD3528_3.5x2.8mm_67-21ST,,1
LED,D55,LED_Everlight-SMD3528_3.5x2.8mm_67-21ST,,1
LED,D82,LED_Everlight-SMD3528_3.5x2.8mm_67-21ST,,1
220R,R13,R_1206_3216Metric_Pad1.30x1.75mm_HandSolder,,1
220R,R23,R_1206_3216Metric_Pad1.30x1.75mm_HandSolder,,1
LED,D67,LED_Everlight-SMD3528_3.5x2.8mm_67-21ST,,1
LED,D32,LED_Everlight-SMD3528_3.5x2.8mm_67-21ST,,1
LED,D50,LED_Everlight-SMD3528_3.5x2.8mm_67-21ST,,1
LED,D24,LED_Everlight-SMD3528_3.5x2.8mm_67-21ST,,1
LED,D13,LED_Everlight-SMD3528_3.5x2.8mm_67-21ST,,1
220R,R20,R_1206_3216Metric_Pad1.30x1.75mm_HandSolder,,1
~,KR1,Korry Switch,,1
220R,R27,R_1206_3216Metric_Pad1.30x1.75mm_HandSolder,,1
LED,D49,LED_Everlight-SMD3528_3.5x2.8mm_67-21ST,,1
LED,D47,LED_Everlight-SMD3528_3.5x2.8mm_67-21ST,,1
LED,D21,LED_Everlight-SMD3528_3.5x2.8mm_67-21ST,,1
LED,D36,LED_Everlight-SMD3528_3.5x2.8mm_67-21ST,,1
LED,D76,LED_Everlight-SMD3528_3.5x2.8mm_67-21ST,,1
220R,R12,R_1206_3216Metric_Pad1.30x1.75mm_HandSolder,,1
220R,R4,R_1206_3216Metric_Pad1.30x1.75mm_HandSolder,,1
LED,D78,LED_Everlight-SMD3528_3.5x2.8mm_67-21ST,,1
220R,R30,R_1206_3216Metric_Pad1.30x1.75mm_HandSolder,,1
220R,R16,R_1206_3216Metric_Pad1.30x1.75mm_HandSolder,,1
LED,D17,LED_Everlight-SMD3528_3.5x2.8mm_67-21ST,,1
LED,D20,LED_Everlight-SMD3528_3.5x2.8mm_67-21ST,,1
LED,D46,LED_Everlight-SMD3528_3.5x2.8mm_67-21ST,,1
~,KR9,Korry Switch,,1
220R,R7,R_1206_3216Metric_Pad1.30x1.75mm_HandSolder,,1
LED,D54,LED_Everlight-SMD3528_3.5x2.8mm_67-21ST,,1
LED,D34,LED_Everlight-SMD3528_3.5x2.8mm_67-21ST,,1
LED,D70,LED_Everlight-SMD3528_3.5x2.8mm_67-21ST,,1
LED,D7,LED_Everlight-SMD3528_3.5x2.8mm_67-21ST,,1
LED,D75,LED_Everlight-SMD3528_3.5x2.8mm_67-21ST,,1
220R,R24,R_1206_3216Metric_Pad1.30x1.75mm_HandSolder,,1
LED,D19,LED_Everlight-SMD3528_3.5x2.8mm_67-21ST,,1
LED,D66,LED_Everlight-SMD3528_3.5x2.8mm_67-21ST,,1
LED,D68,LED_Everlight-SMD3528_3.5x2.8mm_67-21ST,,1
LED,D41,LED_Everlight-SMD3528_3.5x2.8mm_67-21ST,,1
LED,D33,LED_Everlight-SMD3528_3.5x2.8mm_67-21ST,,1
LED,D59,LED_Everlight-SMD3528_3.5x2.8mm_67-21ST,,1
LED,D25,LED_Everlight-SMD3528_3.5x2.8mm_67-21ST,,1
~,KR10,Korry Switch,,1
LED,D71,LED_Everlight-SMD3528_3.5x2.8mm_67-21ST,,1
LED,D73,LED_Everlight-SMD3528_3.5x2.8mm_67-21ST,,1
LED,D63,LED_Everlight-SMD3528_3.5x2.8mm_67-21ST,,1
LED,D5,LED_Everlight-SMD3528_3.5x2.8mm_67-21ST,,1
LED,D84,LED_Everlight-SMD3528_3.5x2.8mm_67-21ST,,1
LED,D9,LED_Everlight-SMD3528_3.5x2.8mm_67-21ST,,1
LEDDSP3_CA,S1,Disp7s3x_036,,1
LED,D80,LED_Everlight-SMD3528_3.5x2.8mm_67-21ST,,1
LED,D3,LED_Everlight-SMD3528_3.5x2.8mm_67-21ST,,1
LED,D43,LED_Everlight-SMD3528_3.5x2.8mm_67-21ST,,1
LED,D48,LED_Everlight-SMD3528_3.5x2.8mm_67-21ST,,1
220R,R11,R_1206_3216Metric_Pad1.30x1.75mm_HandSolder,,1
LED,D64,LED_Everlight-SMD3528_3.5x2.8mm_67-21ST,,1
LED,D8,LED_Everlight-SMD3528_3.5x2.8mm_67-21ST,,1
LED,D23,LED_Everlight-SMD3528_3.5x2.8mm_67-21ST,,1
220R,R21,R_1206_3216Metric_Pad1.30x1.75mm_HandSolder,,1
LED,D6,LED_Everlight-SMD3528_3.5x2.8mm_67-21ST,,1
LED,D15,LED_Everlight-SMD3528_3.5x2.8mm_67-21ST,,1
LED,D83,LED_Everlight-SMD3528_3.5x2.8mm_67-21ST,,1
~,KR5,Korry Switch,,1
LED,D62,LED_Everlight-SMD3528_3.5x2.8mm_67-21ST,,1
LED,D40,LED_Everlight-SMD3528_3.5x2.8mm_67-21ST,,1
LED,D10,LED_Everlight-SMD3528_3.5x2.8mm_67-21ST,,1
LED,D30,LED_Everlight-SMD3528_3.5x2.8mm_67-21ST,,1
LED,D44,LED_Everlight-SMD3528_3.5x2.8mm_67-21ST,,1
LED,D42,LED_Everlight-SMD3528_3.5x2.8mm_67-21ST,,1
LED,D39,LED_Everlight-SMD3528_3.5x2.8mm_67-21ST,,1
220R,R26,R_1206_3216Metric_Pad1.30x1.75mm_HandSolder,,1
~,KR12,Korry Switch,,1
LED,D18,LED_Everlight-SMD3528_3.5x2.8mm_67-21ST,,1
LED,D38,LED_Everlight-SMD3528_3.5x2.8mm_67-21ST,,1
220R,R22,R_1206_3216Metric_Pad1.30x1.75mm_HandSolder,,1
220R,R6,R_1206_3216Metric_Pad1.30x1.75mm_HandSolder,,1
LED,D4,LED_Everlight-SMD3528_3.5x2.8mm_67-21ST,,1
LED,D12,LED_Everlight-SMD3528_3.5x2.8mm_67-21ST,,1
~,KR2,Korry Switch,,1
220R,R25,R_1206_3216Metric_Pad1.30x1.75mm_HandSolder,,1
LED,D72,LED_Everlight-SMD3528_3.5x2.8mm_67-21ST,,1
LED,D60,LED_Everlight-SMD3528_3.5x2.8mm_67-21ST,,1
LED,D79,LED_Everlight-SMD3528_3.5x2.8mm_67-21ST,,1
220R,R19,R_1206_3216Metric_Pad1.30x1.75mm_HandSolder,,1
220R,R8,R_1206_3216Metric_Pad1.30x1.75mm_HandSolder,,1
LED,D74,LED_Everlight-SMD3528_3.5x2.8mm_67-21ST,,1
LED,D29,LED_Everlight-SMD3528_3.5x2.8mm_67-21ST,,1
LED,D69,LED_Everlight-SMD3528_3.5x2.8mm_67-21ST,,1
LED,D14,LED_Everlight-SMD3528_3.5x2.8mm_67-21ST,,1
220R,R17,R_1206_3216Metric_Pad1.30x1.75mm_HandSolder,,1
LED,D35,LED_Everlight-SMD3528_3.5x2.8mm_67-21ST,,1
220R,R28,R_1206_3216Metric_Pad1.30x1.75mm_HandSolder,,1
LED,D22,LED_Everlight-SMD3528_3.5x2.8mm_67-21ST,,1
LED,D52,LED_Everlight-SMD3528_3.5x2.8mm_67-21ST,,1
LED,D65,LED_Everlight-SMD3528_3.5x2.8mm_67-21ST,,1
LED,D31,LED_Everlight-SMD3528_3.5x2.8mm_67-21ST,,1
LED,D77,LED_Everlight-SMD3528_3.5x2.8mm_67-21ST,,1
LED,D61,LED_Everlight-SMD3528_3.5x2.8mm_67-21ST,,1
LED,D2,LED_Everlight-SMD3528_3.5x2.8mm_67-21ST,,1
LED,D37,LED_Everlight-SMD3528_3.5x2.8mm_67-21ST,,1
LED,D51,LED_Everlight-SMD3528_3.5x2.8mm_67-21ST,,1
LED,D11,LED_Everlight-SMD3528_3.5x2.8mm_67-21ST,,1
LEDDSP3_CA,S2,Disp7s3x_036,,1
~,KR4,Korry Switch,,1
220R,R2,R_1206_3216Metric_Pad1.30x1.75mm_HandSolder,,1
LED,D26,LED_Everlight-SMD3528_3.5x2.8mm_67-21ST,,1
~,KR6,Korry Switch,,1
220R,R3,R_1206_3216Metric_Pad1.30x1.75mm_HandSolder,,1
220R,R10,R_1206_3216Metric_Pad1.30x1.75mm_HandSolder,,1
220R,R18,R_1206_3216Metric_Pad1.30x1.75mm_HandSolder,,1
LED,D81,LED_Everlight-SMD3528_3.5x2.8mm_67-21ST,,1
Conn_01x02,P1,TerminalBlock_bornier-2_P5.08mm,,1
Conn_02x20_Counter_Clockwise,J2,PinHeader_2x20_P2.54mm_Vertical,,1
1N5818,D1,D_SMA_Handsoldering,,1
DataIn,P2,PinHeader_1x04_P2.54mm_Vertical,,1
0.1 uF,C2,C_1206_3216Metric_Pad1.33x1.80mm_HandSolder,,1
Iset,R1,R_Axial_DIN0207_L6.3mm_D2.5mm_P10.16mm_Horizontal,,1
10uF,C1,CP_Radial_D5.0mm_P2.50mm,,1
Conn_02x01,J1,TerminalBlock_bornier-2_P5.08mm,,1
Conn_02x01,J3,TerminalBlock_bornier-2_P5.08mm,,1
MAX7219CWG,IC1,SOIC-24W_7.5x15.4mm_P1.27mm,,1
